{
  "artist_rank_src": "umg-swift.consumption_speedlayer_staging.artist_rank",
  "daily_lag": 1,
  "gcp_bt_cluster_id": "swift-consumption-cluster",
  "gcp_df_zone": "us-central1-b",
  "gcp_project_id": "umg-swift",
  "gcs_metadata_uri": "gs://umg-swift/consumption/metadata",
  "metadata_dst": "umg-swift.consumption_speedlayer_staging",
  "metadata_src": "umg-swift.metadata",
  "mongo_auth_db": "admin",
  "mongo_db": "sst-metadata-qa",
  "mongo_host_1": "35.184.71.178",
  "mongo_host_2": "104.154.244.47",
  "mongo_password": "k2Ud)7vS?2Kg<u",
  "mongo_port": 27017,
  "mongo_user": "swift-np-admin",
  "period_stack_table": "umg-swift.consumption_speedlayer_staging.period_process_stack",
  "preorders_src": "umg-marketing.consumption.transactions_preorders",
  "project_rank_src": "umg-swift.consumption_speedlayer_staging.project_rank",
  "sst_gcp_bt_instance_id": "swift-consumption",
  "sst_gcp_bt_max_cluster_nodes": 200,
  "sst_gcp_bt_min_cluster_nodes": 4,
  "sst_gcp_bt_project_id": "umg-swift",
  "sst_gcp_bt_table_name_album": "album_uat3",
  "sst_gcp_bt_table_name_artist": "artist_uat3",
  "sst_gcp_bt_table_name_isrc": "isrc_uat3",
  "sst_gcp_bt_table_name_project": "project_uat3",
  "sst_gcp_bt_table_name_topartist": "top_artist_uat3",
  "sst_gcp_bt_table_name_topproject": "top_project_uat3",
  "sst_gcp_bt_table_name_toptrack": "top_track_uat3",
  "sst_gcp_bt_table_name_track": "track_uat3",
  "sst_gcp_df_machine_type": "n1-standard-4",
  "sst_gcp_df_max_worker_nodes": 200,
  "sst_historic_end_date": 20171031,
  "sst_historic_load_date": "2017-11-01",
  "sst_historic_product_date": "2017-10-30",
  "sst_historic_rtd_end_date": 19990101,
  "sst_historic_rtd_start_date": 19990101,
  "sst_historic_start_date": 20171001,
  "sst_jar_base": "/opt/app/sst-speedlayer-app/historic-incremental/",
  "sst_jar_base_incremental": "/opt/app/sst-speedlayer-app/historic-incremental/",
  "sst_jar_name": "sst-speed-layer-1.0-SNAPSHOT.jar",
  "staging_location": "gs://umg-swift/temp/dataflow",
  "track_rank_src": "umg-swift.consumption_speedlayer_staging.track_rank",
  "transactions_dst": "umg-swift.consumption_speedlayer_staging.transactions_uat3",
  "transactions_src": "umg-swift.consumption.combined_transactions"
}