<?xml version="1.0" encoding="UTF-8"?>
<project xmlns="http://maven.apache.org/POM/4.0.0" xmlns:xsi="http://www.w3.org/2001/XMLSchema-instance" xsi:schemaLocation="http://maven.apache.org/POM/4.0.0 http://maven.apache.org/maven-v4_0_0.xsd">
  <modelVersion>4.0.0</modelVersion>
  <groupId>TrackAction</groupId>
  <artifactId>SwiftTrendSubscriptions</artifactId>
  <version>0.1</version>
  <build>
    <pluginManagement>
      <plugins>
        <plugin>
          <groupId>org.codehaus.mojo</groupId>
          <artifactId>exec-maven-plugin</artifactId>
          <version>1.4.0</version>
          <configuration>
            <cleanupDaemonThreads>false</cleanupDaemonThreads>
          </configuration>
        </plugin>
      </plugins>
    </pluginManagement>
    <plugins>
      <plugin>
        <artifactId>maven-compiler-plugin</artifactId>
        <version>3.5.1</version>
        <configuration>
          <source>1.7</source>
          <target>1.7</target>
        </configuration>
      </plugin>
      <plugin>
        <artifactId>maven-surefire-plugin</artifactId>
        <version>${surefire-plugin.version}</version>
        <dependencies>
          <dependency>
            <groupId>org.apache.maven.surefire</groupId>
            <artifactId>surefire-junit47</artifactId>
            <version>${surefire-plugin.version}</version>
          </dependency>
        </dependencies>
        <configuration>
          <parallel>all</parallel>
          <threadCount>4</threadCount>
          <redirectTestOutputToFile>true</redirectTestOutputToFile>
        </configuration>
      </plugin>
      <plugin>
        <artifactId>maven-jar-plugin</artifactId>
      </plugin>
      <plugin>
        <artifactId>maven-shade-plugin</artifactId>
        <version>3.0.0</version>
        <executions>
          <execution>
            <phase>package</phase>
            <goals>
              <goal>shade</goal>
            </goals>
            <configuration>
              <filters>
                <filter>
                  <artifact>*:*</artifact>
                  <excludes>
                    <exclude>META-INF/LICENSE</exclude>
                    <exclude>META-INF/*.SF</exclude>
                    <exclude>META-INF/*.DSA</exclude>
                    <exclude>META-INF/*.RSA</exclude>
                  </excludes>
                </filter>
              </filters>
              <transformers>
                <transformer />
              </transformers>
            </configuration>
          </execution>
        </executions>
      </plugin>
    </plugins>
  </build>
  <profiles>
    <profile>
      <id>direct-runner</id>
      <dependencies>
        <dependency>
          <groupId>org.apache.beam</groupId>
          <artifactId>beam-runners-direct-java</artifactId>
          <version>2.0.0</version>
          <scope>runtime</scope>
        </dependency>
      </dependencies>
    </profile>
    <profile>
      <id>apex-runner</id>
      <dependencies>
        <dependency>
          <groupId>org.apache.httpcomponents</groupId>
          <artifactId>httpclient</artifactId>
          <version>4.3.5</version>
          <scope>runtime</scope>
          <exclusions>
            <exclusion>
              <artifactId>commons-codec</artifactId>
              <groupId>commons-codec</groupId>
            </exclusion>
          </exclusions>
        </dependency>
      </dependencies>
    </profile>
    <profile>
      <id>flink-runner</id>
    </profile>
    <profile>
      <id>spark-runner</id>
    </profile>
  </profiles>
  <repositories>
    <repository>
      <releases>
        <enabled>false</enabled>
      </releases>
      <snapshots />
      <id>apache.snapshots</id>
      <name>Apache Development Snapshot Repository</name>
      <url>https://repository.apache.org/content/repositories/snapshots/</url>
    </repository>
  </repositories>
  <properties>
    <beam.version>2.0.0</beam.version>
    <surefire-plugin.version>2.20</surefire-plugin.version>
  </properties>
</project>

