{
    "builders": [
        {
            "type": "googlecompute",
            "account_file": "../../credentials/google-credentials.umg-dev.json",
            "project_id": "umg-dev",
            "source_image_family": "debian-8",
            "zone": "us-west1-a",
            "instance_name": "swift-k8s-node-{{uuid}}",
            "image_name": "swift-k8s-node-{{timestamp}}",
            "image_description": "UMG Swift Kubernetes Node",
            "ssh_username": "swift",
            "ssh_password": "$w1ft",
            "metadata": {
                "umg-swift": "k8s-node",
                "builder": "packer",
                "created": "{{timestamp}}"
            }
        }
    ],
    "provisioners": [
        {
            "type": "shell",
            "playbook_file": "./setup.sh"
        }
    ],
    "post-processors": [
        {
            "type": "manifest",
            "output": "manifests/swift-kubernetes-node.manifest.json"
        }
    ]
}