{
  "__inputs": [
    {
      "name": "DS_SWIFT_QA CLUSTER",
      "label": "Swift QA Cluster",
      "description": "",
      "type": "datasource",
      "pluginId": "prometheus",
      "pluginName": "Prometheus"
    }
  ],
  "__requires": [
    {
      "type": "grafana",
      "id": "grafana",
      "name": "Grafana",
      "version": "4.4.3"
    },
    {
      "type": "datasource",
      "id": "prometheus",
      "name": "Prometheus",
      "version": "1.0.0"
    },
    {
      "type": "panel",
      "id": "singlestat",
      "name": "Singlestat",
      "version": ""
    }
  ],
  "annotations": {
    "list": []
  },
  "editable": true,
  "gnetId": null,
  "graphTooltip": 0,
  "hideControls": false,
  "id": null,
  "links": [],
  "rows": [
    {
      "collapse": false,
      "height": "275",
      "panels": [
        {
          "cacheTimeout": null,
          "colorBackground": true,
          "colorValue": false,
          "colors": [
            "rgba(245, 54, 54, 0.9)",
            "rgba(237, 129, 40, 0.89)",
            "rgba(50, 172, 45, 0.97)"
          ],
          "datasource": "${DS_SWIFT_QA CLUSTER}",
          "format": "none",
          "gauge": {
            "maxValue": 100,
            "minValue": 0,
            "show": false,
            "thresholdLabels": false,
            "thresholdMarkers": true
          },
          "id": 2,
          "interval": null,
          "links": [],
          "mappingType": 1,
          "mappingTypes": [
            {
              "name": "value to text",
              "value": 1
            },
            {
              "name": "range to text",
              "value": 2
            }
          ],
          "maxDataPoints": 100,
          "nullPointMode": "connected",
          "nullText": null,
          "postfix": "",
          "postfixFontSize": "50%",
          "prefix": "",
          "prefixFontSize": "50%",
          "rangeMaps": [
            {
              "from": "null",
              "text": "N/A",
              "to": "null"
            }
          ],
          "span": 2,
          "sparkline": {
            "fillColor": "rgba(31, 118, 189, 0.18)",
            "full": false,
            "lineColor": "rgb(31, 120, 193)",
            "show": false
          },
          "tableColumn": "",
          "targets": [
            {
              "expr": "sum (up{role=\"edge-router\"})",
              "format": "time_series",
              "intervalFactor": 2,
              "refId": "A",
              "step": 600
            }
          ],
          "thresholds": "1,1",
          "title": "Current Status",
          "type": "singlestat",
          "valueFontSize": "80%",
          "valueMaps": [
            {
              "op": "=",
              "text": "N/A",
              "value": "null"
            },
            {
              "op": "=",
              "text": "Healthy",
              "value": "1"
            }
          ],
          "valueName": "avg"
        },
        {
          "cacheTimeout": null,
          "colorBackground": false,
          "colorValue": true,
          "colors": [
            "rgba(50, 172, 45, 0.97)",
            "rgba(237, 129, 40, 0.89)",
            "rgba(245, 54, 54, 0.9)"
          ],
          "datasource": "${DS_SWIFT_QA CLUSTER}",
          "format": "none",
          "gauge": {
            "maxValue": 100,
            "minValue": 0,
            "show": false,
            "thresholdLabels": false,
            "thresholdMarkers": true
          },
          "id": 22,
          "interval": null,
          "links": [],
          "mappingType": 1,
          "mappingTypes": [
            {
              "name": "value to text",
              "value": 1
            },
            {
              "name": "range to text",
              "value": 2
            }
          ],
          "maxDataPoints": 100,
          "nullPointMode": "connected",
          "nullText": null,
          "postfix": "",
          "postfixFontSize": "50%",
          "prefix": "",
          "prefixFontSize": "50%",
          "rangeMaps": [
            {
              "from": "null",
              "text": "N/A",
              "to": "null"
            }
          ],
          "span": 2,
          "sparkline": {
            "fillColor": "rgba(31, 118, 189, 0.18)",
            "full": false,
            "lineColor": "rgb(31, 120, 193)",
            "show": false
          },
          "tableColumn": "",
          "targets": [
            {
              "expr": "sum (kube_node_status_network_unavailable{node=\"gke-umg-swift-qa-edge-router-451fd11e-c1g8\",condition=\"true\"})",
              "format": "time_series",
              "intervalFactor": 2,
              "refId": "A",
              "step": 600
            }
          ],
          "thresholds": "1,1",
          "title": "Network Status",
          "transparent": false,
          "type": "singlestat",
          "valueFontSize": "80%",
          "valueMaps": [
            {
              "op": "=",
              "text": "N/A",
              "value": "null"
            },
            {
              "op": "=",
              "text": "Connected",
              "value": "0"
            }
          ],
          "valueName": "avg"
        },
        {
          "cacheTimeout": null,
          "colorBackground": false,
          "colorValue": true,
          "colors": [
            "rgba(50, 172, 45, 0.97)",
            "rgba(237, 129, 40, 0.89)",
            "rgba(245, 54, 54, 0.9)"
          ],
          "datasource": "${DS_SWIFT_QA CLUSTER}",
          "format": "percentunit",
          "gauge": {
            "maxValue": 100,
            "minValue": 0,
            "show": false,
            "thresholdLabels": false,
            "thresholdMarkers": true
          },
          "id": 3,
          "interval": null,
          "links": [],
          "mappingType": 1,
          "mappingTypes": [
            {
              "name": "value to text",
              "value": 1
            },
            {
              "name": "range to text",
              "value": 2
            }
          ],
          "maxDataPoints": 100,
          "nullPointMode": "connected",
          "nullText": null,
          "postfix": "",
          "postfixFontSize": "50%",
          "prefix": "",
          "prefixFontSize": "50%",
          "rangeMaps": [
            {
              "from": "null",
              "text": "N/A",
              "to": "null"
            }
          ],
          "span": 2,
          "sparkline": {
            "fillColor": "rgba(31, 118, 189, 0.18)",
            "full": false,
            "lineColor": "rgb(31, 120, 193)",
            "show": false
          },
          "tableColumn": "",
          "targets": [
            {
              "expr": "sum (avg_over_time(kube_pod_container_resource_requests_cpu_cores{node=\"gke-umg-swift-qa-edge-router-451fd11e-c1g8\"}[5m])) / sum (kube_node_status_capacity_cpu_cores{node=\"gke-umg-swift-qa-edge-router-451fd11e-c1g8\"})",
              "format": "time_series",
              "intervalFactor": 2,
              "refId": "A",
              "step": 600
            }
          ],
          "thresholds": "0.5,0.9",
          "title": "CPU Saturation",
          "transparent": false,
          "type": "singlestat",
          "valueFontSize": "80%",
          "valueMaps": [
            {
              "op": "=",
              "text": "N/A",
              "value": "null"
            }
          ],
          "valueName": "avg"
        },
        {
          "cacheTimeout": null,
          "colorBackground": false,
          "colorValue": true,
          "colors": [
            "rgba(50, 172, 45, 0.97)",
            "rgba(237, 129, 40, 0.89)",
            "rgba(245, 54, 54, 0.9)"
          ],
          "datasource": "${DS_SWIFT_QA CLUSTER}",
          "format": "percentunit",
          "gauge": {
            "maxValue": 100,
            "minValue": 0,
            "show": false,
            "thresholdLabels": false,
            "thresholdMarkers": true
          },
          "id": 4,
          "interval": null,
          "links": [],
          "mappingType": 1,
          "mappingTypes": [
            {
              "name": "value to text",
              "value": 1
            },
            {
              "name": "range to text",
              "value": 2
            }
          ],
          "maxDataPoints": 100,
          "nullPointMode": "connected",
          "nullText": null,
          "postfix": "",
          "postfixFontSize": "50%",
          "prefix": "",
          "prefixFontSize": "50%",
          "rangeMaps": [
            {
              "from": "null",
              "text": "N/A",
              "to": "null"
            }
          ],
          "span": 2,
          "sparkline": {
            "fillColor": "rgba(31, 118, 189, 0.18)",
            "full": false,
            "lineColor": "rgb(31, 120, 193)",
            "show": false
          },
          "tableColumn": "",
          "targets": [
            {
              "expr": "sum (avg_over_time(kube_pod_container_resource_requests_memory_bytes{node=\"gke-umg-swift-qa-edge-router-451fd11e-c1g8\"}[5m])) / sum (kube_node_status_capacity_memory_bytes{node=\"gke-umg-swift-qa-edge-router-451fd11e-c1g8\"})",
              "format": "time_series",
              "intervalFactor": 2,
              "refId": "A",
              "step": 600
            }
          ],
          "thresholds": "0.5,0.8",
          "title": "Memory Saturation",
          "transparent": false,
          "type": "singlestat",
          "valueFontSize": "80%",
          "valueMaps": [
            {
              "op": "=",
              "text": "N/A",
              "value": "null"
            }
          ],
          "valueName": "avg"
        },
        {
          "cacheTimeout": null,
          "colorBackground": false,
          "colorValue": true,
          "colors": [
            "rgba(50, 172, 45, 0.97)",
            "rgba(237, 129, 40, 0.89)",
            "rgba(245, 54, 54, 0.9)"
          ],
          "datasource": "${DS_SWIFT_QA CLUSTER}",
          "format": "percentunit",
          "gauge": {
            "maxValue": 100,
            "minValue": 0,
            "show": false,
            "thresholdLabels": false,
            "thresholdMarkers": true
          },
          "id": 6,
          "interval": null,
          "links": [],
          "mappingType": 1,
          "mappingTypes": [
            {
              "name": "value to text",
              "value": 1
            },
            {
              "name": "range to text",
              "value": 2
            }
          ],
          "maxDataPoints": 100,
          "nullPointMode": "connected",
          "nullText": null,
          "postfix": "",
          "postfixFontSize": "50%",
          "prefix": "",
          "prefixFontSize": "50%",
          "rangeMaps": [
            {
              "from": "null",
              "text": "N/A",
              "to": "null"
            }
          ],
          "span": 2,
          "sparkline": {
            "fillColor": "rgba(31, 118, 189, 0.18)",
            "full": false,
            "lineColor": "rgb(31, 120, 193)",
            "show": false
          },
          "tableColumn": "",
          "targets": [
            {
              "expr": "sum (avg_over_time(container_fs_usage_bytes{role=\"edge-router\"}[5m])) / sum (container_fs_limit_bytes{role=\"edge-router\"})",
              "format": "time_series",
              "intervalFactor": 2,
              "refId": "A",
              "step": 600
            }
          ],
          "thresholds": "0.5,0.8",
          "title": "Disk Saturation",
          "type": "singlestat",
          "valueFontSize": "80%",
          "valueMaps": [
            {
              "op": "=",
              "text": "N/A",
              "value": "null"
            }
          ],
          "valueName": "avg"
        }
      ],
      "repeat": null,
      "repeatIteration": null,
      "repeatRowId": null,
      "showTitle": true,
      "title": "Edge Router",
      "titleSize": "h5"
    },
    {
      "collapse": false,
      "height": "275",
      "panels": [
        {
          "cacheTimeout": null,
          "colorBackground": true,
          "colorValue": false,
          "colors": [
            "rgba(245, 54, 54, 0.9)",
            "rgba(237, 129, 40, 0.89)",
            "rgba(50, 172, 45, 0.97)"
          ],
          "datasource": "${DS_SWIFT_QA CLUSTER}",
          "format": "none",
          "gauge": {
            "maxValue": 100,
            "minValue": 0,
            "show": false,
            "thresholdLabels": false,
            "thresholdMarkers": true
          },
          "id": 23,
          "interval": null,
          "links": [],
          "mappingType": 1,
          "mappingTypes": [
            {
              "name": "value to text",
              "value": 1
            },
            {
              "name": "range to text",
              "value": 2
            }
          ],
          "maxDataPoints": 100,
          "nullPointMode": "connected",
          "nullText": null,
          "postfix": "",
          "postfixFontSize": "50%",
          "prefix": "",
          "prefixFontSize": "50%",
          "rangeMaps": [
            {
              "from": "null",
              "text": "N/A",
              "to": "null"
            }
          ],
          "span": 2,
          "sparkline": {
            "fillColor": "rgba(31, 118, 189, 0.18)",
            "full": false,
            "lineColor": "rgb(31, 120, 193)",
            "show": false
          },
          "tableColumn": "",
          "targets": [
            {
              "expr": "sum (up{role=\"app-node\"}) / 5",
              "format": "time_series",
              "intervalFactor": 2,
              "refId": "A",
              "step": 600
            }
          ],
          "thresholds": "1,1",
          "title": "Current Status",
          "type": "singlestat",
          "valueFontSize": "80%",
          "valueMaps": [
            {
              "op": "=",
              "text": "N/A",
              "value": "null"
            },
            {
              "op": "=",
              "text": "Healthy",
              "value": "1"
            }
          ],
          "valueName": "avg"
        },
        {
          "cacheTimeout": null,
          "colorBackground": false,
          "colorValue": true,
          "colors": [
            "rgba(50, 172, 45, 0.97)",
            "rgba(237, 129, 40, 0.89)",
            "rgba(245, 54, 54, 0.9)"
          ],
          "datasource": "${DS_SWIFT_QA CLUSTER}",
          "format": "none",
          "gauge": {
            "maxValue": 100,
            "minValue": 0,
            "show": false,
            "thresholdLabels": false,
            "thresholdMarkers": true
          },
          "id": 24,
          "interval": null,
          "links": [],
          "mappingType": 1,
          "mappingTypes": [
            {
              "name": "value to text",
              "value": 1
            },
            {
              "name": "range to text",
              "value": 2
            }
          ],
          "maxDataPoints": 100,
          "nullPointMode": "connected",
          "nullText": null,
          "postfix": "",
          "postfixFontSize": "50%",
          "prefix": "",
          "prefixFontSize": "50%",
          "rangeMaps": [
            {
              "from": "null",
              "text": "N/A",
              "to": "null"
            }
          ],
          "span": 2,
          "sparkline": {
            "fillColor": "rgba(31, 118, 189, 0.18)",
            "full": false,
            "lineColor": "rgb(31, 120, 193)",
            "show": false
          },
          "tableColumn": "",
          "targets": [
            {
              "expr": "sum (kube_node_status_network_unavailable{node!=\"gke-umg-swift-qa-edge-router-451fd11e-c1g8\",condition=\"true\"})",
              "format": "time_series",
              "intervalFactor": 2,
              "refId": "A",
              "step": 600
            }
          ],
          "thresholds": "1,1",
          "title": "Network Status",
          "transparent": false,
          "type": "singlestat",
          "valueFontSize": "80%",
          "valueMaps": [
            {
              "op": "=",
              "text": "N/A",
              "value": "null"
            },
            {
              "op": "=",
              "text": "Connected",
              "value": "0"
            }
          ],
          "valueName": "avg"
        },
        {
          "cacheTimeout": null,
          "colorBackground": false,
          "colorValue": true,
          "colors": [
            "rgba(50, 172, 45, 0.97)",
            "rgba(237, 129, 40, 0.89)",
            "rgba(245, 54, 54, 0.9)"
          ],
          "datasource": "${DS_SWIFT_QA CLUSTER}",
          "format": "percentunit",
          "gauge": {
            "maxValue": 100,
            "minValue": 0,
            "show": false,
            "thresholdLabels": false,
            "thresholdMarkers": true
          },
          "id": 25,
          "interval": null,
          "links": [],
          "mappingType": 1,
          "mappingTypes": [
            {
              "name": "value to text",
              "value": 1
            },
            {
              "name": "range to text",
              "value": 2
            }
          ],
          "maxDataPoints": 100,
          "nullPointMode": "connected",
          "nullText": null,
          "postfix": "",
          "postfixFontSize": "50%",
          "prefix": "",
          "prefixFontSize": "50%",
          "rangeMaps": [
            {
              "from": "null",
              "text": "N/A",
              "to": "null"
            }
          ],
          "span": 2,
          "sparkline": {
            "fillColor": "rgba(31, 118, 189, 0.18)",
            "full": false,
            "lineColor": "rgb(31, 120, 193)",
            "show": false
          },
          "tableColumn": "",
          "targets": [
            {
              "expr": "sum (avg_over_time(kube_pod_container_resource_requests_cpu_cores{node!=\"gke-umg-swift-qa-edge-router-451fd11e-c1g8\"}[5m])) / sum (kube_node_status_capacity_cpu_cores{node!=\"gke-umg-swift-qa-edge-router-451fd11e-c1g8\"})",
              "format": "time_series",
              "intervalFactor": 2,
              "refId": "A",
              "step": 600
            }
          ],
          "thresholds": "0.5,0.9",
          "title": "CPU Saturation",
          "transparent": false,
          "type": "singlestat",
          "valueFontSize": "80%",
          "valueMaps": [
            {
              "op": "=",
              "text": "N/A",
              "value": "null"
            }
          ],
          "valueName": "avg"
        },
        {
          "cacheTimeout": null,
          "colorBackground": false,
          "colorValue": true,
          "colors": [
            "rgba(50, 172, 45, 0.97)",
            "rgba(237, 129, 40, 0.89)",
            "rgba(245, 54, 54, 0.9)"
          ],
          "datasource": "${DS_SWIFT_QA CLUSTER}",
          "format": "percentunit",
          "gauge": {
            "maxValue": 100,
            "minValue": 0,
            "show": false,
            "thresholdLabels": false,
            "thresholdMarkers": true
          },
          "id": 26,
          "interval": null,
          "links": [],
          "mappingType": 1,
          "mappingTypes": [
            {
              "name": "value to text",
              "value": 1
            },
            {
              "name": "range to text",
              "value": 2
            }
          ],
          "maxDataPoints": 100,
          "nullPointMode": "connected",
          "nullText": null,
          "postfix": "",
          "postfixFontSize": "50%",
          "prefix": "",
          "prefixFontSize": "50%",
          "rangeMaps": [
            {
              "from": "null",
              "text": "N/A",
              "to": "null"
            }
          ],
          "span": 2,
          "sparkline": {
            "fillColor": "rgba(31, 118, 189, 0.18)",
            "full": false,
            "lineColor": "rgb(31, 120, 193)",
            "show": false
          },
          "tableColumn": "",
          "targets": [
            {
              "expr": "sum (avg_over_time(kube_pod_container_resource_requests_memory_bytes{node!=\"gke-umg-swift-qa-edge-router-451fd11e-c1g8\"}[5m])) / sum (kube_node_status_capacity_memory_bytes{node!=\"gke-umg-swift-qa-edge-router-451fd11e-c1g8\"})",
              "format": "time_series",
              "intervalFactor": 2,
              "refId": "A",
              "step": 600
            }
          ],
          "thresholds": "0.5,0.8",
          "title": "Memory Saturation",
          "transparent": false,
          "type": "singlestat",
          "valueFontSize": "80%",
          "valueMaps": [
            {
              "op": "=",
              "text": "N/A",
              "value": "null"
            }
          ],
          "valueName": "avg"
        },
        {
          "cacheTimeout": null,
          "colorBackground": false,
          "colorValue": true,
          "colors": [
            "rgba(50, 172, 45, 0.97)",
            "rgba(237, 129, 40, 0.89)",
            "rgba(245, 54, 54, 0.9)"
          ],
          "datasource": "${DS_SWIFT_QA CLUSTER}",
          "format": "percentunit",
          "gauge": {
            "maxValue": 100,
            "minValue": 0,
            "show": false,
            "thresholdLabels": false,
            "thresholdMarkers": true
          },
          "id": 27,
          "interval": null,
          "links": [],
          "mappingType": 1,
          "mappingTypes": [
            {
              "name": "value to text",
              "value": 1
            },
            {
              "name": "range to text",
              "value": 2
            }
          ],
          "maxDataPoints": 100,
          "nullPointMode": "connected",
          "nullText": null,
          "postfix": "",
          "postfixFontSize": "50%",
          "prefix": "",
          "prefixFontSize": "50%",
          "rangeMaps": [
            {
              "from": "null",
              "text": "N/A",
              "to": "null"
            }
          ],
          "span": 2,
          "sparkline": {
            "fillColor": "rgba(31, 118, 189, 0.18)",
            "full": false,
            "lineColor": "rgb(31, 120, 193)",
            "show": false
          },
          "tableColumn": "",
          "targets": [
            {
              "expr": "sum (avg_over_time(container_fs_usage_bytes{role=\"app-node\"}[5m])) / sum (container_fs_limit_bytes{role=\"app-node\"})",
              "format": "time_series",
              "intervalFactor": 2,
              "refId": "A",
              "step": 600
            }
          ],
          "thresholds": "0.5,0.8",
          "title": "Disk Saturation",
          "type": "singlestat",
          "valueFontSize": "80%",
          "valueMaps": [
            {
              "op": "=",
              "text": "N/A",
              "value": "null"
            }
          ],
          "valueName": "avg"
        }
      ],
      "repeat": null,
      "repeatIteration": null,
      "repeatRowId": null,
      "showTitle": true,
      "title": "App Nodes",
      "titleSize": "h5"
    }
  ],
  "schemaVersion": 14,
  "style": "dark",
  "tags": [],
  "templating": {
    "list": []
  },
  "time": {
    "from": "now-6h",
    "to": "now"
  },
  "timepicker": {
    "refresh_intervals": [
      "5s",
      "10s",
      "30s",
      "1m",
      "5m",
      "15m",
      "30m",
      "1h",
      "2h",
      "1d"
    ],
    "time_options": [
      "5m",
      "15m",
      "1h",
      "6h",
      "12h",
      "24h",
      "2d",
      "7d",
      "30d"
    ]
  },
  "timezone": "",
  "title": "Swift QA Cluster - Nodes",
  "version": 5
}