{"url":"http://localhost:3000/","requests":{"average":8538.43,"mean":8538.43,"stddev":2215.05,"min":5264,"max":12967,"total":759881,"sent":807793},"latency":{"average":42.84,"mean":42.84,"stddev":123.89,"min":1,"max":7830,"p50":34,"p75":49,"p90":63,"p99":114,"p999":708,"p9999":7108,"p99999":7327},"throughput":{"average":7287014.12,"mean":7287014.12,"stddev":1897961.85,"min":4456448,"max":11534335,"total":648901304},"errors":39849,"timeouts":353,"duration":90,"start":"2017-07-21T19:20:08.026Z","finish":"2017-07-21T19:21:38.201Z","connections":500,"pipelining":1,"non2xx":0,"1xx":0,"2xx":759881,"3xx":0,"4xx":0,"5xx":0}
