{
  "url": "http://localhost:3000/",
  "requests": {
    "average": 7833.94,
    "mean": 7833.94,
    "stddev": 2192.52,
    "min": 5056,
    "max": 11855,
    "total": 234987,
    "sent": 253904
  },
  "latency": {
    "average": 44.37,
    "mean": 44.37,
    "stddev": 26.88,
    "min": 1,
    "max": 837,
    "p50": 40,
    "p75": 54,
    "p90": 68,
    "p99": 124,
    "p999": 293,
    "p9999": 741,
    "p99999": 814
  },
  "throughput": {
    "average": 6680302.94,
    "mean": 6680302.94,
    "stddev": 1873759.2,
    "min": 4194304,
    "max": 10485759,
    "total": 200668133
  },
  "errors": 16192,
  "timeouts": 164,
  "duration": 31,
  "start": "2017-07-21T19:12:21.986Z",
  "finish": "2017-07-21T19:12:52.641Z",
  "connections": 500,
  "pipelining": 1,
  "non2xx": 0,
  "1xx": 0,
  "2xx": 234987,
  "3xx": 0,
  "4xx": 0,
  "5xx": 0
}