{
  "url": "http://localhost:3000/",
  "requests": {
    "average": 11190.49,
    "mean": 11190.49,
    "stddev": 1619.36,
    "min": 3094,
    "max": 13751,
    "total": 671416,
    "sent": 678294
  },
  "latency": {
    "average": 26.33,
    "mean": 26.33,
    "stddev": 31.91,
    "min": 0,
    "max": 1327,
    "p50": 23,
    "p75": 28,
    "p90": 39,
    "p99": 68,
    "p999": 465,
    "p9999": 1053,
    "p99999": 1303
  },
  "throughput": {
    "average": 9562794.67,
    "mean": 9562794.67,
    "stddev": 1381566.23,
    "min": 2621440,
    "max": 12058623,
    "total": 573356374
  },
  "errors": 0,
  "timeouts": 0,
  "duration": 60,
  "start": "2017-07-21T19:13:16.151Z",
  "finish": "2017-07-21T19:14:16.364Z",
  "connections": 300,
  "pipelining": 1,
  "non2xx": 0,
  "1xx": 0,
  "2xx": 671416,
  "3xx": 0,
  "4xx": 0,
  "5xx": 0
}