{"url":"http://localhost:3000/","requests":{"average":8020.57,"mean":8020.57,"stddev":1668.41,"min":5504,"max":12991,"total":481210,"sent":509777},"latency":{"average":40.75,"mean":40.75,"stddev":29.1,"min":0,"max":7167,"p50":36,"p75":48,"p90":67,"p99":123,"p999":268,"p9999":703,"p99999":1397},"throughput":{"average":6872541.87,"mean":6872541.87,"stddev":1449391.37,"min":4456448,"max":11534335,"total":410929975},"errors":23045,"timeouts":187,"duration":61,"start":"2017-07-21T19:32:30.202Z","finish":"2017-07-21T19:33:30.914Z","connections":400,"pipelining":1,"non2xx":0,"1xx":0,"2xx":481210,"3xx":0,"4xx":0,"5xx":0}
