{"url":"http://localhost:3000/","requests":{"average":10184.07,"mean":10184.07,"stddev":966.19,"min":7628,"max":11927,"total":611039,"sent":619884},"latency":{"average":33.85,"mean":33.85,"stddev":22.01,"min":1,"max":1099,"p50":31,"p75":37,"p90":48,"p99":89,"p999":304,"p9999":702,"p99999":867},"throughput":{"average":8690073.6,"mean":8690073.6,"stddev":838007.04,"min":6291456,"max":10485759,"total":521797531},"errors":1508,"timeouts":0,"duration":60,"start":"2017-07-21T19:33:36.894Z","finish":"2017-07-21T19:34:37.127Z","connections":350,"pipelining":1,"non2xx":0,"1xx":0,"2xx":611039,"3xx":0,"4xx":0,"5xx":0}
