{
  "url": "http://localhost:3000/",
  "requests": {
    "average": 12328,
    "mean": 12328,
    "stddev": 1438.86,
    "min": 9232,
    "max": 15095,
    "total": 369801,
    "sent": 373740
  },
  "latency": {
    "average": 21.31,
    "mean": 21.31,
    "stddev": 18.97,
    "min": 0,
    "max": 643,
    "p50": 19,
    "p75": 24,
    "p90": 32,
    "p99": 59,
    "p999": 295,
    "p9999": 576,
    "p99999": 612
  },
  "throughput": {
    "average": 10498867.2,
    "mean": 10498867.2,
    "stddev": 1269144.31,
    "min": 7864320,
    "max": 13107199,
    "total": 315792334
  },
  "errors": 95,
  "timeouts": 95,
  "duration": 30,
  "start": "2017-07-21T19:10:21.007Z",
  "finish": "2017-07-21T19:10:51.185Z",
  "connections": 300,
  "pipelining": 1,
  "non2xx": 0,
  "1xx": 0,
  "2xx": 369801,
  "3xx": 0,
  "4xx": 0,
  "5xx": 0
}