{"url":"http://localhost:3000/","requests":{"average":9608.75,"mean":9608.75,"stddev":2200.1,"min":983,"max":14327,"total":864749,"sent":873516},"latency":{"average":30.73,"mean":30.73,"stddev":54.77,"min":0,"max":4199,"p50":24,"p75":32,"p90":47,"p99":95,"p999":1014,"p9999":1924,"p99999":2739},"throughput":{"average":8198371.56,"mean":8198371.56,"stddev":1870861.34,"min":819200,"max":12582911,"total":738453311},"errors":0,"timeouts":0,"duration":90,"start":"2017-07-21T19:17:40.812Z","finish":"2017-07-21T19:19:11.014Z","connections":300,"pipelining":1,"non2xx":0,"1xx":0,"2xx":864749,"3xx":0,"4xx":0,"5xx":0}
