{"url":"http://localhost:3000/","requests":{"average":8446.1,"mean":8446.1,"stddev":1295.33,"min":5704,"max":12111,"total":506738,"sent":536587},"latency":{"average":41.47,"mean":41.47,"stddev":120.54,"min":1,"max":7248,"p50":36,"p75":46,"p90":62,"p99":111,"p999":316,"p9999":7038,"p99999":7221},"throughput":{"average":7191483.74,"mean":7191483.74,"stddev":1082030.04,"min":4718592,"max":10485759,"total":432729832},"errors":24424,"timeouts":2,"duration":61,"start":"2017-07-21T19:23:08.254Z","finish":"2017-07-21T19:24:09.004Z","connections":400,"pipelining":1,"non2xx":0,"1xx":0,"2xx":506738,"3xx":0,"4xx":0,"5xx":0}
