{
  "url": "http://localhost:3000/",
  "requests": {
    "average": 8176.6,
    "mean": 8176.6,
    "stddev": 2348.76,
    "min": 5184,
    "max": 12391,
    "total": 490563,
    "sent": 523835
  },
  "latency": {
    "average": 41.86,
    "mean": 41.86,
    "stddev": 49.75,
    "min": 1,
    "max": 3803,
    "p50": 35,
    "p75": 51,
    "p90": 65,
    "p99": 122,
    "p999": 308,
    "p9999": 2173,
    "p99999": 3783
  },
  "throughput": {
    "average": 6997060.27,
    "mean": 6997060.27,
    "stddev": 2021668.47,
    "min": 4194304,
    "max": 11010047,
    "total": 418916787
  },
  "errors": 27914,
  "timeouts": 356,
  "duration": 61,
  "start": "2017-07-21T19:14:27.469Z",
  "finish": "2017-07-21T19:15:28.513Z",
  "connections": 500,
  "pipelining": 1,
  "non2xx": 0,
  "1xx": 0,
  "2xx": 490563,
  "3xx": 0,
  "4xx": 0,
  "5xx": 0
}