{
    "builders": [
        {
            "type": "virtualbox-iso",
            "iso_url": "http://cdimage.debian.org/debian-cd/current/amd64/iso-cd/debian-8.7.1-amd64-netinst.iso",
            "iso_checksum": "534795785d2706e64e3a4dff9648fd0302a1272c668a99a81ba3a984695986ac814d8193c5335bd13dce0592fc470eebe9fc4a6c9991f87a6686329a667ac30d",
            "iso_checksum_type": "SHA512",
            "ssh_username": "swift",
            "ssh_password": "$w1ft",
            "shutdown_command": "echo 'Swift-Debian DevOps' | sudo -S shutdown -P now"
        }
    ],
    "provisioners": [
        {
            "type": "shell",
            "script": "./setup.sh"
        }
    ],
    "post-processors": [
        {
            "type": "manifest",
            "output": "manifests/swift-debian-devops.manifest.json"
        },
        {
            "type": "vagrant",
            "compression_level": 5
        }
    ]
}